<?xml version="1.0" encoding="UTF-8"?><rss xmlns:dc="http://purl.org/dc/elements/1.1/" xmlns:content="http://purl.org/rss/1.0/modules/content/" xmlns:atom="http://www.w3.org/2005/Atom" version="2.0"><channel><title><![CDATA[Bearune]]></title><description><![CDATA[Bearune]]></description><link>https://bearune.com</link><generator>RSS for Node</generator><lastBuildDate>Wed, 11 Dec 2024 11:15:38 GMT</lastBuildDate><atom:link href="https://bearune.com/rss.xml" rel="self" type="application/rss+xml"/><language><![CDATA[zh-tw]]></language><item><title><![CDATA[使用 Vue 自定義雙階選擇器：打造更靈活的選擇功能]]></title><description><![CDATA[使用 Vue 3 Composition API 自定義雙階選擇器，實現靈活且可擴展的選擇功能，提升用戶體驗。]]></description><link>https://bearune.com/articles/two-level-hierarchica-checkbox-selector</link><guid isPermaLink="true">https://bearune.com/articles/two-level-hierarchica-checkbox-selector</guid><category><![CDATA[vue]]></category><category><![CDATA[javascript]]></category><category><![CDATA[scss]]></category><category><![CDATA[小組件]]></category><dc:creator><![CDATA[瓜熊]]></dc:creator><pubDate>Fri, 04 Oct 2024 00:00:00 GMT</pubDate></item><item><title><![CDATA[新手種植貓草全紀錄🌱]]></title><description><![CDATA[突然就拔高了！！我持續每天換水，並且把懶得發芽組終於發芽的種子陸續移到了頭好壯壯組，這期間也有部分小區域長毛，都被我範圍式清掉了。我把容器放在我的書桌上，工作一整天下來我都在它身邊，真的沒辦法想像它是一直在我的旁邊飛速長高的，明明盯著長得很慢卻又長得很快是這種感覺嗎？]]></description><link>https://bearune.com/articles/catnip-planting-diary</link><guid isPermaLink="true">https://bearune.com/articles/catnip-planting-diary</guid><category><![CDATA[貓咪]]></category><category><![CDATA[種植]]></category><dc:creator><![CDATA[瓜熊]]></dc:creator><pubDate>Mon, 30 Sep 2024 00:00:00 GMT</pubDate></item><item><title><![CDATA[第一次種植水培貓草就上手！自產自銷貓咪的沙拉🌱]]></title><description><![CDATA[第一步　將小麥種子浸泡在水中6至8小時，這個步驟主要能催芽，催芽以後將沒有發芽的種子挑出來。第二步 將小麥種子撒在有網洞的容器上，如果你準備的是育苗盆，就將小麥種子撒在有網洞的那層塑膠盤。如果你準備的是紙巾＋一般塑膠盒，就將小麥種子撒在紙巾上。如果你準備的是濾掛袋＋杯子，就將小麥種子撒在濾掛袋上。]]></description><link>https://bearune.com/articles/catnip-planting-tutorial</link><guid isPermaLink="true">https://bearune.com/articles/catnip-planting-tutorial</guid><category><![CDATA[貓咪]]></category><category><![CDATA[種植]]></category><dc:creator><![CDATA[瓜熊]]></dc:creator><pubDate>Tue, 24 Sep 2024 00:00:00 GMT</pubDate></item></channel></rss>